Category,Product,Code,Priced per,List Price,Member Price,Member Discount %,Stock,All tiers,Cost/Unit (fill in),Avg Sell Price (fill in),Margin THB (fill in),Margin % (fill in)
Exotics,Crunch Berrie,EXO-01,1g,800,720,10,25,"½g ฿400 · 1 joint ฿400 · 1g ฿800 · 3.5g · 3+1 FREE ฿2,400",,,,
Exotics,Alien Mint,EXO-02,1g,800,720,10,22,"½g ฿400 · 1 joint ฿400 · 1g ฿800 · 3.5g · 3+1 FREE ฿2,400",,,,
Exotics,Cookie Monster,EXO-03,1g,800,720,10,18,"½g ฿400 · 1 joint ฿400 · 1g ฿800 · 3.5g · 3+1 FREE ฿2,400",,,,
Exotics,D-Lish,EXO-04,1g,800,720,10,20,"½g ฿400 · 1 joint ฿400 · 1g ฿800 · 3.5g · 3+1 FREE ฿2,400",,,,
Exotics,Black Cherry,EXO-05,1g,800,720,10,16,"½g ฿400 · 1 joint ฿400 · 1g ฿800 · 3.5g · 3+1 FREE ฿2,400",,,,
Exotics,Orange Z,EXO-06,1g,800,720,10,20,"½g ฿400 · 1 joint ฿400 · 1g ฿800 · 3.5g · 3+1 FREE ฿2,400",,,,
Exotics,Giraffe Puzzy,EXO-07,1g,800,720,10,15,"½g ฿400 · 1 joint ฿400 · 1g ฿800 · 3.5g · 3+1 FREE ฿2,400",,,,
Exotics,Blue Nerdz,EXO-08,1g,800,720,10,14,"½g ฿400 · 1 joint ฿400 · 1g ฿800 · 3.5g · 3+1 FREE ฿2,400",,,,
Exotics,Thai Orange Tea,EXO-09,1g,800,720,10,18,"½g ฿400 · 1 joint ฿400 · 1g ฿800 · 3.5g · 3+1 FREE ฿2,400",,,,
Exotics,Red Hot,EXO-10,1g,800,720,10,20,"½g ฿400 · 1 joint ฿400 · 1g ฿800 · 3.5g · 3+1 FREE ฿2,400",,,,
Exotics,Coco Chanel,EXO-11,1g,800,720,10,19,"½g ฿400 · 1 joint ฿400 · 1g ฿800 · 3.5g · 3+1 FREE ฿2,400",,,,
Exotics,Pink Zugar,EXO-12,1g,800,720,10,21,"½g ฿400 · 1 joint ฿400 · 1g ฿800 · 3.5g · 3+1 FREE ฿2,400",,,,
Exotics,LCG RX11,EXO-13,1g,800,720,10,17,"½g ฿400 · 1 joint ฿400 · 1g ฿800 · 3.5g · 3+1 FREE ฿2,400",,,,
Exotics,Toad Venom,EXO-14,1g,800,720,10,15,"½g ฿400 · 1 joint ฿400 · 1g ฿800 · 3.5g · 3+1 FREE ฿2,400",,,,
Exotics,Lemon Cherry Gelato,EXO-15,1g,800,720,10,18,"½g ฿400 · 1 joint ฿400 · 1g ฿800 · 3.5g · 3+1 FREE ฿2,400",,,,
Exotics,Gelato X,EXO-16,1g,800,720,10,16,"½g ฿400 · 1 joint ฿450 · 1g ฿800 · 3.5g · 3+1 FREE ฿2,400",,,,
Topshelf,OG Kush × Zkittlez,TOP-01,1g,600,540,10,24,"½g ฿300 · 1 joint ฿300 · 1g ฿600 · 3.5g · 3+1 FREE ฿1,800",,,,
Topshelf,Ztupid,TOP-02,1g,600,540,10,20,"½g ฿300 · 1 joint ฿300 · 1g ฿600 · 3.5g · 3+1 FREE ฿1,800",,,,
Topshelf,Sherb Tank,TOP-03,1g,600,540,10,22,"½g ฿300 · 1 joint ฿300 · 1g ฿600 · 3.5g · 3+1 FREE ฿1,800",,,,
Topshelf,King Cherry,TOP-04,1g,600,540,10,20,"½g ฿300 · 1 joint ฿300 · 1g ฿600 · 3.5g · 3+1 FREE ฿1,800",,,,
Topshelf,Baby Cake,TOP-05,1g,600,540,10,18,"½g ฿300 · 1 joint ฿300 · 1g ฿600 · 3.5g · 3+1 FREE ฿1,800",,,,
Topshelf,Zkittles,TOP-06,1g,600,540,10,21,"½g ฿300 · 1 joint ฿300 · 1g ฿600 · 3.5g · 3+1 FREE ฿1,800",,,,
Midgrade,Mac1,MID-01,1g,400,360,10,30,"½g ฿200 · 1 joint ฿200 · 1g ฿400 · 3.5g · 3+1 FREE ฿1,200",,,,
Midgrade,Superboof,MID-02,1g,400,360,10,26,"½g ฿200 · 1 joint ฿200 · 1g ฿400 · 3.5g · 3+1 FREE ฿1,200",,,,
Midgrade,Thailand Durian,MID-03,1g,400,360,10,28,"½g ฿200 · 1 joint ฿200 · 1g ฿400 · 3.5g · 3+1 FREE ฿1,200",,,,
Premium,Snow Brands Pineapple Express,PRM-01,3.5g · 3+1 FREE,2700,2430,10,10,"½g ฿450 · 1 joint ฿450 · 3.5g · 3+1 FREE ฿2,700",,,,
Premium,KAWS Moon Rocks,PRM-02,g,713,640,10.2,8,,,,,
Joints,Zooties Premium Joint,JNT-01,roll,320,288,10,40,,,,,
Joints,Backwoods (Single),JNT-02,pc,120,108,10,50,,,,,
Vapes,TRE Live Rosin Disposable 3.5g,VAP-02,pc,2800,2520,10,15,,,,,
Vapes,Muhameds Live Resin Disposable 2g,VAP-01,pc,2700,2430,10,22,,,,,
Vapes,Diamond Wax 98%,VAP-04,1g,2500,2250,10,10,"0.5g ฿1,250 · 1g ฿2,500 · 4g · 3+1 FREE ฿10,000",,,,
Vapes,Live Resin / Rosin 1g,VAP-03,g,1200,1080,10,14,,,,,
Edibles,Sour Belts 3000mg,EDB-01,Full pack 3000mg,2700,2430,10,15,"1 piece 300mg ฿300 · Full pack 3000mg ฿2,700",,,,
Edibles,Muhameds Edible,EDB-06,pack,2000,1800,10,12,,,,,
Edibles,Cannabis Brownies 50mg,EDB-05,5 pack,1100,990,10,20,"2 pack ฿500 · 5 pack ฿1,100",,,,
Edibles,Gummies 500mg,EDB-02,pack,800,720,10,25,,,,,
Edibles,Hidden Hills Resin Jelly 1000mg,EDB-07,pack,600,540,10,18,,,,,
Edibles,Wacky Worms Gummies,EDB-03,pack,280,252,10,30,,,,,
Edibles,Dank Cookie 50mg,EDB-04,pc,200,180,10,35,,,,,
Beer,Crispy Boy Lager Can,BER-01,can,220,198,10,94,,,,,
Accessories,Bong Session,ACC-01,session,1400,1260,10,9,,,,,
Accessories,Aluminium Grinder 2-Piece,ACC-02,pc,600,540,10,20,,,,,
Accessories,All-In-One Rolling Kit,ACC-03,kit,240,216,10,25,,,,,
Accessories,RAW ¼ Papers (+Tips),ACC-04,Papers + Tips,120,108,10,60,Papers ฿60 · Papers + Tips ฿120,,,,
Accessories,Waterproof Bag,ACC-09,pc,120,108,10,30,,,,,
Accessories,RAW Classic Kingsize,ACC-05,Black,100,90,10,60,Classic ฿80 · Black ฿100,,,,
Accessories,Plastic Grinder,ACC-08,pc,84,76,9.5,40,,,,,
Accessories,RAW Tips / Wild Tips,ACC-06,pack,51,46,9.8,80,,,,,
Accessories,Clipper Lighter,ACC-07,pc,40,36,10,100,,,,,
Merch,DANK Limited 2026 Tee,MRC-01,pc,343,309,9.9,24,,,,,
Merch,DANK T-Shirt 2025 Collection,MRC-02,pc,294,265,9.9,30,,,,,
Merch,DANK 2023 White Limited Tee,MRC-03,pc,273,246,9.9,15,,,,,
